<Environment>
	<Variable>
		<Name>BuildNo</Name>
		<Value>2.0.08.03</Value>
	</Variable>
	<Variable>
		<Name>CURAPPLICATION</Name>
		<Value>EXPeRT v2.0</Value>
	</Variable>
	<Variable>
		<Name>CurrentURL</Name>
		<Value>http://expert2.qa2.ert.com/expert2epro/Dispatcher?rid=276#</Value>
	</Variable>
	<Variable>
		<Name>HTMLLOGPATH</Name>
		<Value>D:\QTP_Framework\Results\</Value>
	</Variable>
	<Variable>
		<Name>QAEXPPassword</Name>
		<Value>Alliance123$</Value>
	</Variable>
	<Variable>
		<Name>QAEXPUsername</Name>
		<Value>slabhani</Value>
	</Variable>
	<Variable>
		<Name>SCREENSHOTPATH</Name>
		<Value>D:\QTP_Framework\Results\Screenshots</Value>
	</Variable>
</Environment>
